Date,Episode,Title,Directed by,Written by,Duration,Summary,Rating/Share,U.S. viewers,"Prod.
code"
09/22/94,01-01,The Pilot,James Burrows,David Crane & Marta Kauffman,22,"Monica and the gang introduce Rachel to the ""real world"" after she leaves her fiance at the altar.",14.7/23,21.5 million,456650
09/29/94,01-02,The One with the Sonogram at the End,James Burrows,David Crane & Marta Kauffman,22,Ross finds out his ex-wife is pregnant. Rachel returns her engagement ring to Barry. Monica becomes stressed when her and Ross's parents come to visit.,14.0/22,20.2 million,456652
10/06/94,01-03,The One with the Thumb,James Burrows,Jeffrey Astrof & Mike Sikowitz,22,Monica becomes irritated when everyone likes her new boyfriend more than she does. Chandler resumes his smoking habit. Phoebe is given $7000 when she finds a thumb in a can of soda.,13.6/22,19.5 million,456651
10/13/94,01-04,The One with George Stephanopoulos,James Burrows,Alexa Junge,22,"Joey and Chandler take Ross to a hockey game to take his mind off the anniversary of the first time he slept with Carol, while the girls become depressed when they realize they don't have a 'plan'.",13.7/22,19.7 million,456654
10/20/94,01-05,The One with the East German Laundry Detergent,Pamela Fryman,Jeff Greenstein & Jeff Strauss,22,"Eager to spend time with Rachel, Ross pretends his washroom is rat-infested so he can join her at the laundromat. Meanwhile, Joey has Monica pose as his girlfriend, and Chandler struggles to break up with his girlfriend.",12.9/20,18.6 million,456653
10/27/94,01-06,The One with the Butt,Arlene Sanford,Adam Chase & Ira Ungerleider,22,Monica's obsessiveness is put to the test after Rachel cleans the apartment. Joey lands a film role as Al Pacino's butt double. Chandler enjoys a relationship with all of the fun but none of the responsibility.,12.4/20,18.2 million,456655
11/03/94,01-07,The One with the Blackout,James Burrows,Jeffrey Astrof & Mike Sikowitz,22,"When New York suffers from a blackout, Ross tries to tell Rachel that he likes her, and Chandler gets stuck in an ATM vestibule with a model.",16.1/24,23.5 million,456656
11/10/94,01-08,The One Where Nana Dies Twice,James Burrows,Marta Kauffman & David Crane,22,Monica and Ross mourn the loss of their grandmother. Chandler is shocked to find that people think he is gay.,14.2/22,21.1 million,456657
11/17/94,01-09,The One Where Underdog Gets Away,James Burrows,Jeff Greenstein & Jeff Strauss,22,The gang's plans for Thanksgiving go awry after they get locked out of Monica and Rachel's apartment.,15.7/24,23.1 million,456659
12/15/94,01-10,The One with the Monkey,Peter Bonerz,Adam Chase & Ira Ungerleider,22,The gang make (and break) a pact not to bring dates to their New Years Eve party. Phoebe starts dating a scientist. Ross compensates for his loneliness by getting a monkey.,13.6/22,19.9 million,456661
01/05/95,01-11,The One with Mrs. Bing,James Burrows,Alexa Junge,22,"Chandler's flamboyant romance-novelist mother comes to visit, and Joey catches her kissing Ross. Meanwhile, Monica and Phoebe fight over a guy in a coma.",17.6/27,26.6 million,456660
01/12/95,01-12,The One with the Dozen Lasagnas,Paul Lazarus,Jeffrey Astrof & Mike Sikowitz & Adam Chase & Ira Ungerleider,22,Rachel and Paolo's relationship hits a snag when he makes a pss at Phoebe. Ross refuses to find out the sex of his baby until it's born. Chandler and Joey go shopping for a new kitchen table.,16.1/25,24.0 million,456658
01/19/95,01-13,The One with the Boobies,Alan Myerson,Alexa Junge,22,Joey finds out his dad has a mistress. Rachel tries to even the score after Chandler inadvertently catches a glimpse of her breasts. Phoebe dates a shrink who analyzes the gang.,17.3/26,25.8 million,456664
02/09/95,01-14,The One with the Candy Hearts,James Burrows,Bill Lawrence,22,"As Valentine's Day approaches; Ross and his date end up at the same restaurant as Carol and Susan, Joey inadvertently sets Chandler up on a blind date with Janice, and the girls burn mementos of their old boyfriends.",15.9/24,23.8 million,456667
02/16/95,01-15,The One with the Stoned Guy,Alan Myerson,Jeff Greenstein & Jeff Strauss,22,"Monica cooks a gourmet meal for a restaurateur who is looking for a new chef, however he arrives at the apartment stoned. Meanwhile, Ross tries to master 'dirty talk'.",16.9/25,24.8 million,456663
02/23/95,01-16,"The One with Two Parts, Part I",Michael Lembeck,Marta Kauffman & David Crane,22,Phoebe feels neglected when Joey falls for her twin sister. Chandler struggles to fire an attractive co-worker. Ross attends Lamaze classes with Carol and Susan.,17.5/27,26.1 million,456665A
02/23/95,01-17,"The One with Two Parts, Part II",Michael Lembeck,Marta Kauffman & David Crane,22,"Rachel switches identities with Monica so she can use her health insurance. Meanwhile, Ursula continues to come between Phoebe and Joey.",20.8/31,30.5 million,456665B
03/02/95,01-18,The One with All the Poker,James Burrows,Jeffrey Astrof & Mike Sikowitz,22,"As Rachel interviews for a new job, the girls take on the guys in a game of poker.",20.4/31,30.4 million,456662
03/09/95,01-19,The One Where the Monkey Gets Away,Peter Bonerz,Jeffrey Astrof & Mike Sikowitz,22,The gang frantically search for Ross's monkey Marcel after Rachel loses him.,20.0/31,29.4 million,456668
04/06/95,01-20,The One with the Evil Orthodontist,Peter Bonerz,Doty Abrams,22,"Rachel and Barry start dating again, despite the fact that he's now engaged to Mindy; Chandler goes nuts when a woman he likes won't return his phone calls.",20.5/32,30.0 million,456669
04/27/95,01-21,The One with Fake Monica,Gail Mancuso,Adam Chase & Ira Ungerleider,22,Monica befriends the woman who stole her credit card. Ross is forced to give away Marcel. Joey tries to come up with a less ethnic-sounding stage name.,19.2/29,28.4 million,456671
05/04/95,01-22,The One with the Ick Factor,Robby Benson,Alexa Junge,22,Monica gets a shock when she finds out her boyfriend is a high school student. Chandler finds out his colleagues don't like him when Phoebe temps as his secretary.,20.7/31,29.9 million,456670
05/11/95,01-23,The One with the Birth,James Burrows,"Story by : David Crane & Marta Kauffman
Teleplay by : Jeff Greenstein & Jeff Strauss",22,"As Carol goes into labor; Ross and Susan argue, Rachel flirts with Carol's doctor, and Joey assists a pregnant single mother.",19.7/30,28.7 million,456672
05/18/95,01-24,The One Where Rachel Finds Out,Kevin S. Bright,Chris Brown,22,"As Ross leaves for China, Chandler accidentally reveals Ross's feelings for Rachel. Joey takes part in a fertility study and is unable to sleep with his new girlfriend.",21.3/32,31.3 million,456673
09/21/95,02-01,The One with Ross's New Girlfriend,Michael Lembeck,Jeffrey Astrof & Mike Sikowitz,22,"Rachel waits for Ross at the airport, unaware he has a new girlfriend. Meanwhile, Chandler has a frightening experience with Joey's tailor, and Phoebe gives Monica a bad haircut.",20.5/33,32.1 million,457301
09/28/95,02-02,The One with the Breast Milk,Michael Lembeck,Adam Chase & Ira Ungerleider,22,"Monica goes shopping with Julie and tries to keep it a secret from Rachel. Ross is grossed out by Carol's breast milk. At his day job, Joey competes with a fellow cologne spritzer.",19.3/31,29.8 million,457302
10/05/95,02-03,The One Where Heckles Dies,Kevin S. Bright,Michael Curtis & Gregory S. Malins,22,"After Mr. Heckles dies and leaves all his belongings to Monica and Rachel, Chandler worries he will die alone just like him. Meanwhile, Phoebe and Ross argue over evolution.",19.8/31,30.2 million,457303
10/12/95,02-04,The One with Phoebe's Husband,Gail Mancuso,Alexa Junge,22,"When the gang find out Phoebe married a gay Canadian ice dancer for a green card, more of their secrets are revealed. Meanwhile, Rachel gives Ross bad advice on his relationship with Julie.",19.3/31,28.1 million,457305
10/19/95,02-05,The One with Five Steaks and an Eggplant,Ellen Gittelsohn,Chris Brown,22,"The gang are divided by income issues; Monica, Ross and Chandler have money, and Rachel, Phoebe and Joey don't.",18.6/30,28.3 million,457304
11/02/95,02-06,The One with the Baby on the Bus,Gail Mancuso,Betsy Borns,22,"Joey and Chandler are left to babysit Ben when Monica takes Ross to the hospital. Meanwhile, Phoebe loses her singing gig at Central Perk to a professional singer.",19.7/30,30.2 million,457306
11/09/95,02-07,The One Where Ross Finds Out,Peter Bonerz,Michael Borkow,22,"A drunken Rachel calls Ross and reveals her feelings for him on his answering machine. Meanwhile, Monica keeps busy by being Chandler's personal trainer and Phoebe constantly wonders why her current boyfriend won't sleep with her.",19.6/31,30.5 million,457307
11/16/95,02-08,The One with the List,Mary Kay Place,David Crane & Marta Kauffman,22,"With help from Chandler and Joey, Ross makes a list of pros and cons to decide whether to be with Julie or Rachel. Meanwhile, Monica gets a job making dessert with a disgusting synthetic chocolate substitute.",21.1/33,32.9 million,457308
12/14/95,02-09,The One with Phoebe's Dad,Kevin S. Bright,Jeffrey Astrof & Mike Sikowitz,22,"Phoebe tracks down her father, but isn't sure whether she should meet him. Ross asks Rachel to make a list of pros and cons about him.",18.8/30,27.8 million,457309
01/04/96,02-10,The One with Russ,Thomas Schlamme,Ira Ungerleider,22,Monica gets back together with 'Fun Bobby' and realizes why he is always so upbeat. Rachel starts dating a guy called Russ who bears an uncanny resemblance to Ross.,21.0/31,32.2 million,457311
01/18/96,02-11,The One with the Lesbian Wedding,Thomas Schlamme,Doty Abrams,22,Rachel's mom comes to visit with big news. Monica caters Carol and Susan's wedding. Phoebe becomes 'possessed' by the spirit of a recently deceased client.,20.8/31,31.6 million,457312
01/28/96,"02-12
02-13",The One After the Super Bowl,Michael Lembeck,Jeffrey Astrof & Mike SikowitzMichael Borkow,44,Ross goes to visit Marcel whilst on a trip to California and discovers he is working in commercials. Joey receives a fan letter from an attractive but unstable woman. Phoebe is asked to sing for children at a library.,29.6/46,52.9 million,457313457314
02/01/96,02-14,The One with the Prom Video,James Burrows,Alexa Junge,22,The gang watches a home video from the night of Monica and Rachel's prom. Joey gives Chandler a hideous bracelet.,21.7/32,33.6 million,457310
02/08/96,02-15,The One Where Ross and Rachel... You Know,Michael Lembeck,Michael Curtis & Gregory S. Malins,22,Monica becomes infatuated with a friend of her parents when she caters a party for him. Ross and Rachel go on their first date. Joey and Chandler refuse to move when they get a new TV and two armchairs.,21.7/33,32.9 million,457315
02/15/96,02-16,The One Where Joey Moves Out,Michael Lembeck,Betsy Borns,22,Joey and Chandler's friendship is jeopardized when Joey decides to move out. Monica worries about her parents finding out about her relationship with Richard when they attend a party together. Rachel and Phoebe go to get tattoos.,21.1/33,31.1 million,457316
02/22/96,02-17,The One Where Eddie Moves In,Michael Lembeck,Adam Chase,22,"Chandler gets a new roommate. Phoebe gets the chance to make a music video for her song ""Smelly Cat"". Ross and Monica clash when he is always at her and Rachel's apartment.",20.0/31,30.2 million,457317
03/21/96,02-18,The One Where Dr. Ramoray Dies,Michael Lembeck,"Story by : Alexa Junge
Teleplay by : Michael Borkow",22,"Joey's soap opera character is killed off after he brags in an interview that he writes his own lines. Chandler is unnerved by Eddie's strange behavior, while Ross and Rachel compare their past lovers as do Richard and Monica.",19.9/31,30.1 million,457318
03/28/96,02-19,The One Where Eddie Won't Go,Michael Lembeck,Michael Curtis & Gregory S. Malins,22,"Chandler demands that Eddie move out; however, he doesn't seem to get the message. Meanwhile, a book on empowerment for women inspires the girls. In order to pay his bills, Ross convinces Joey to audition for a role he doesn't want.",20.0/32,31.2 million,457319
04/04/96,02-20,The One Where Old Yeller Dies,Michael Lembeck,"Story by : Michael Curtis & Gregory S. Malins
Teleplay by : Adam Chase",22,Phoebe's world view is shattered when she learns how Old Yeller really ends. Monica becomes jealous when Richard starts hanging out with Chandler and Joey. Rachel panics when she learns that Ross has planned their whole life together.,18.4/31,27.4 million,457320
04/25/96,02-21,The One with the Bullies,Michael Lembeck,Brian Buckner & Sebastian Jones,22,Chandler and Ross run into two bullies at Central Perk. Monica tries her luck at the stock market to avoid taking a job at a 1950s themed diner. Phoebe drives upstate for a second time to meet her father while Joey and Rachel accompany her.,16.6/30,24.7 million,457321
05/02/96,02-22,The One with Two Parties,Michael Lembeck,Alexa Junge,22,"Chaos ensues when Rachel's recently divorced parents show up at her surprise birthday party, so the gang has to find ways to keep her parents separated otherwise they'll start fighting.",18.0/33,25.5 million,457322
05/09/96,02-23,The One with the Chicken Pox,Michael Lembeck,Brown Mandell,22,Phoebe catches chicken pox just as an old flame arrives in town on leave from the Navy. Joey gets a job at Chandler's office. Monica is upset that Richard doesn't have any quirks.,18.1/33,26.1 million,457324
05/16/96,02-24,The One with Barry and Mindy's Wedding,Michael Lembeck,"Story by : Ira Ungerleider
Teleplay by : Brown Mandell",22,Rachel reluctantly agrees to be maid of honor at her ex-fianc√© Barry's wedding. Monica ponders her future with Richard. Joey has to practice kissing guys to get a role in Warren Beatty's new movie but Ross and Chandler are unwilling to help him.,19.1/34,29.0 million,457323
09/19/96,03-01,The One with the Princess Leia Fantasy,Gail Mancuso,Michael Curtis & Gregory S. Malins,22,Monica suffers from insomnia and depression following her breakup with Richard. Joey struggles to accept Chandler and Janice's relationship. Ross confides in Rachel about one of his fantasies.,16.7/31,26.8 million,465251
09/26/96,03-02,The One Where No One's Ready,Gail Mancuso,Ira Ungerleider,22,"A stressed Ross desperately and insistently tries to get the rest of the gang ready for a black tie event at the museum, while Joey and Chandler clash over personal belongings and personal space.",18.4/31,26.7 million,465252
10/03/96,03-03,The One with the Jam,Kevin S. Bright,Wil Calhoun,22,Monica tries to get over Richard by using her free time to make jam and considers artificial insemination through a sperm bank. Phoebe is stalked by a man who mistakes her for Ursula.,17.3/30,25.2 million,465253
10/10/96,03-04,The One with the Metaphorical Tunnel,Steve Zuckerman,Alexa Junge,22,Chandler tries to get over his fear of commitment. Phoebe poses as Joey's agent after she forgets to tell him about an audition. Ross panics after seeing Ben play with a Barbie doll and tries to convince him to play with more manly toys.,18.0/30,26.1 million,465254
10/17/96,03-05,The One with Frank Jr.,Steve Zuckerman,Shana Goldberg-Meehan & Scott Silveri,22,Phoebe has trouble bonding with her half-brother Frank when he comes to visit. Joey attempts to build an entertainment center. Ross is challenged to name the five celebrities he'd like to sleep with most.,16.1/26,23.3 million,465255
10/31/96,03-06,The One with the Flashback,Peter Bonerz,David Crane & Marta Kauffman,22,"The gang remember the events three years ago, when several of them almost slept together.",16.0/28,23.3 million,465256
11/07/96,03-07,The One with the Racecar Bed,Gail Mancuso,Seth Kurland,22,"Joey becomes a learning extension teacher in soap acting, and loves the respect from even more clueless kids. Monica chooses a ridiculously cheap bed from Janice's ex; Phoebe signs for her at delivery- of another bed, a childish race car! Rachel convinces Ross to dine with her dad, who takes him down even worse then he feared; the next day Ross and Dr. Green find each-other making fun about Rachel's chiropractor and various lack of good sense. When Joey hears one of his students also auditions for the same role he wants, he tries to eliminate him by bad advice to play the boxer gay, but the effect surprises him, though less then what he sees at the Mattress King when trying to get Monica's original bed.",18.0/29,27.4 million,465257
11/14/96,03-08,The One with the Giant Poking Device,Gail Mancuso,Adam Chase,22,Chandler is devastated after Joey tells him he saw Janice kissing her ex-husband. Monica accidentally bumps Ben's head into a post when she and Rachel babysit. Phoebe is paranoid if she goes to dentist someone she knows will die.,18.8/30,28.7 million,465258
11/21/96,03-09,The One with the Football,Kevin S. Bright,Ira Ungerleider,22,"Old sibling rivalry between Monica and Ross resurfaces and postpones Thanksgiving dinner when the gang decide to play a game of ""touch"" football.",19.0/30,29.3 million,465259
12/12/96,03-10,The One Where Rachel Quits,Terry Hughes,Gregory S. Malins & Michael Curtis,22,Ross accidentally breaks a little girl's leg and tries to help her sell boxes of cookies which recreates Monica's childhood fixation. Rachel quits her job at Central Perk and Joey's Christmas tree selling conflicts with Phoebe's principles.,16.1/27,25.1 million,465260
01/09/97,03-11,The One Where Chandler Can't Remember Which Sister,Terry Hughes,Alexa Junge,22,A drunken Chandler fools around with one of Joey's sisters - but he can't remember which one. Ross becomes skeptical when a guy at the diner gets Rachel an interview for a position at Bloomingdales.,19.4/29,29.8 million,465261
01/16/97,03-12,The One with All the Jealousy,Robby Benson,Doty Abrams,22,"Ross becomes insanely jealous of Mark. Monica hooks up with a co-worker, who writes her a poem with a hidden meaning. One of Joey's numerous lies on his resume is exposed when he takes part in a Broadway production.",19.4/29,29.6 million,465262
01/30/97,03-13,The One Where Monica and Richard Are Just Friends,Robby Benson,Michael Borkow,22,"Monica's willpower is tested when she bumps into Richard. Joey and Rachel exchange their favorite books. Phoebe dates an athletic guy who doesn't realize he has a ""wardrobe malfunction"".",18.9/29,28.0 million,465265
02/06/97,03-14,The One with Phoebe's Ex-Partner,Robby Benson,Wil Calhoun,22,"Phoebe is reunited with her former singing partner who thinks ""Smelly Cat"" has hit potential; Chandler dates a woman with a prosthetic leg.",19.0/30,28.9 million,465266
02/13/97,03-15,The One Where Ross and Rachel Take a Break,James Burrows,Michael Borkow,22,Ross seeks solace at a party after a bitter fight with Rachel and ends up in the arms of another woman; Phoebe's date needs an interpreter to communicate.,18.3/29,27.3 million,465263
02/20/97,03-16,The One the Morning After,James Burrows,David Crane & Marta Kauffman,22,"Ross is guilt-ridden after sleeping with Chloe and desperately tries to stop Rachel from finding out and when she does, the rest of the gang listen to them argue and end up trapped in Monica's room for the rest of the night.",18.6/29,28.3 million,465264
03/06/97,03-17,The One Without the Ski Trip,Sam Simon,Shana Goldberg-Meehan & Scott Silveri,22,"Monica, Chandler, Phoebe and Joey become stuck in the middle of Ross and Rachel's fight following their break-up.",17.5/29,25.8 million,465267
03/13/97,03-18,The One with the Hypnosis Tape,Robby Benson,Seth Kurland,22,Monica goes out with a guy who turns out to be a software billionaire. Chandler's stop smoking hypnosis tape has an unexpected side effect. Frank makes a surprise announcement that he is getting married - to a woman twice his age.,18.7/30,28.1 million,465269
03/27/97,03-19,The One with the Tiny T-Shirt,Terry Hughes,Adam Chase,22,"Rachel goes on her first date, after splitting from Ross, with Mark. Joey clashes with his co-star in his new play. Monica continues to date Pete, even though she is still not attracted to him.",16.0/28,23.7 million,465268
04/10/97,03-20,The One with the Dollhouse,Terry Hughes,Wil Calhoun,22,"Monica's aunt dies and leaves her an antique dollhouse that she doesn't want Phoebe to play with; Rachel regrets setting up Chandler with her boss, Joanna.",16.3/28,24.4 million,465270
04/17/97,03-21,The One with a Chick and a Duck,Michael Lembeck,Chris Brown,22,"Joey buys a chick for him and Chandler, Pete offers Monica a job at his restaurant but she is undecided if she should accept it. Ross shows his continued feelings for Rachel when he gives up being on TV for her.",16.0/28,23.2 million,465271
04/24/97,03-22,The One with the Screamer,Peter Bonerz,Shana Goldberg-Meehan & Scott Silveri,22,"Ross witnesses Rachel's date screaming at people. Meanwhile, Joey becomes upset when Kate is offered a job in Los Angeles; Phoebe refuses to hang up the phone when she is placed on hold by her phone company.",15.5/27,22.6 million,465272
05/01/97,03-23,The One with Ross's Thing,Shelley Jensen,Ted Cohen & Andrew Reich,22,Ross seeks medical help when he finds a mysterious skin condition on his backside. Phoebe struggles to choose between two guys; Monica can't decide what to do about Pete when she thinks he is going to propose.,16.6/29,24.2 million,465274
05/08/97,03-24,The One with the Ultimate Fighting Champion,Robby Benson,"Story by : Pang-Ni Landrum & Mark Kunerth
Teleplay by : Shana Goldberg-Meehan & Scott Silveri",22,Monica struggles to support Pete in his goal to become the Ultimate Fighting Champion. Chandler is uneasy when his boss playfully slaps his butt. Rachel becomes jealous when Ross starts dating a woman that was introduced to him by Phoebe.,15.6/27,23.1 million,465273
05/15/97,03-25,The One at the Beach,Pamela Fryman,"Story by : Pang-Ni Landrum & Mark Kunerth
Teleplay by : Adam Chase",22,"While at the beach, Phoebe meets a family friend with links to her past; Ross discovers that Rachel still loves him and must decide between her and Bonnie.",16.5/29,28.8 million,465275
09/25/97,04-01,The One with the Jellyfish,Shelley Jensen,Wil Calhoun,22,"Ross chooses between Rachel and his bald-headed girlfriend Bonnie; Joey, Chandler, and Monica have a perilous encounter with a jellyfish at the beach.",19.5/32,29.4 million,466601
10/02/97,04-02,The One with the Cat,Shelley Jensen,Jill Condon & Amy Toomin,22,Phoebe becomes convinced that the spirit of her dead mother is inside a cat. Chandler and Joey are robbed. Monica goes on a date with a guy from her high school.,17.6/30,25.5 million,466602
10/09/97,04-03,The One with the Cuffs,Peter Bonerz,Seth Kurland,22,Monica tries to avoid criticism when she caters a party for her mother. Chandler ends up half naked and handcuffed to a chair in Rachel's boss's office. Joey tries to get educated from a salesman trying to sell him a set of encyclopedias.,16.7/28,24.0 million,466603
10/16/97,04-04,The One with the Ballroom Dancing,Gail Mancuso,Ted Cohen & Andrew Reich,22,Joey is forced to help Treeger learn how to dance after he threatens to have Monica and Rachel evicted. Phoebe develops a crush on one of her clients. Ross tries to help Chandler quit the gym.,16.4/28,24.3 million,466604
10/30/97,04-05,The One with Joey's New Girlfriend,Gail Mancuso,Gregory S. Malins & Michael Curtis,22,Chandler develops feelings for Joey's new girlfriend. Ross and Rachel try to make each other jealous with their dates. Phoebe's cold gives her a sexy singing voice.,16.3/26,24.4 million,466605
11/06/97,04-06,The One with the Dirty Girl,Shelley Jensen,Shana Goldberg-Meehan & Scott Silveri,22,Ross's new girlfriend is nearly perfect until he discovers her apartment is very dirty. Chandler buys a better birthday present for Kathy than Joey. Phoebe helps Monica cater an event. Rachel is obsessed at finishing a crossword puzzle by herself.,17.5/28,25.7 million,466606
11/13/97,04-07,The One Where Chandler Crosses the Line,Kevin S. Bright,Adam Chase,22,Chandler is guilt-ridden after kissing Kathy. Ross starts playing the keyboard again and everyone except Phoebe thinks he's terrible. Joey dates someone else while still attached to Kathy.,18.2/29,26.4 million,466607
11/20/97,04-08,The One with Chandler in a Box,Peter Bonerz,Michael Borkow,22,Chandler tries to earn Joey's forgiveness by lying in a wooden box for six hours. Monica accidentally gets ice in her eye and her doctor turns out to be Richard's son and it's discovered Rachel exchanges the gifts she received in the past.,18.4/29,26.8 million,466608
12/11/97,04-09,The One Where They're Going to Party!,Peter Bonerz,Ted Cohen & Andrew Reich,22,Monica ends up having to choose between a head chef position or the catering business she started with Phoebe. Rachel is close to getting a promotion but tragedy strikes. Chandler and Ross are excited when an old friend is coming to town.,16.1/26,23.9 million,466609
12/18/97,04-10,The One with the Girl from Poughkeepsie,Gary Halvorson,Scott Silveri,22,"In order for her kitchen staff to acknowledge her authority, Monica hires Joey so she can fire him in front of them. Chandler unsuccessfully tries to set Rachel up with a co-worker. Ross can't choose between two girls.",15.2/26,23.2 million,466612
01/08/98,04-11,The One with Phoebe's Uterus,David Steinberg,Seth Kurland,22,Newlyweds Frank and Alice ask Phoebe to be their surrogate. Joey gets a job as a tour guide at Ross's museum. Chandler asks Monica and Rachel for advice on how to sexually satisfy Kathy.,15.7/24,23.7 million,466610
01/15/98,04-12,The One with the Embryos,Kevin S. Bright,Jill Condon & Amy Toomin,22,"Phoebe's uterus is examined for implantation of the embryos. Meanwhile, a seemingly harmless game between Chandler and Joey against Monica and Rachel escalates into a full blown contest where the stakes are raised higher and higher.",17.3/27,27.1 million,466611
01/29/98,04-13,The One with Rachel's Crush,Dana DeVally Piazza,Shana Goldberg-Meehan,22,"After seeing Kathy's play, Chandler becomes convinced she is cheating on him with her co-star. Rachel develops a crush on one of her customers. Monica becomes jealous when she realizes she is no longer the 'hostess'.",16.9/27,25.3 million,466613
02/05/98,04-14,The One with Joey's Dirty Day,Peter Bonerz,Wil Calhoun,22,"Joey arrives on the set of his latest movie unwashed, after a three-day fishing trip with his dad. Rachel sets up Ross with the niece of her boss. Chandler goes through three phrases to help recover from Kathy cheating on him.",17.0/26,25.1 million,466614
02/26/98,04-15,The One with All the Rugby,James Burrows,"Story by : Ted Cohen & Andrew Reich
Teleplay by : Wil Calhoun",22,"Chandler runs into Janice, and finds her more irritating than ever and creates an elaborate plan to break up with her, meanwhile, Ross attempts to learn how to play rugby to impress Emily and Monica obsesses over a electric lighting switch.",16.5/26,24.4 million,466617
03/19/98,04-16,The One with the Fake Party,Michael Lembeck,"Story by : Alicia Sky Varinaitis
Teleplay by : Scott Silveri & Shana Goldberg-Meehan",22,Rachel organizes a fake good bye party for Emily so she can spend time with Joshua. A side effect from her pregnancy causes Phoebe to have a craving for meat.,15.9/26,23.1 million,466615
03/26/98,04-17,The One with the Free Porn,Michael Lembeck,"Story by : Mark Kunerth
Teleplay by : Richard Goodman",22,Chandler and Joey discover that they're getting a free porn channel on their TV. Monica encourages Ross to tell Emily he loves her just before she leaves for London. Phoebe gets a shock when she visits her OB-GYN.,15.9/27,23.2 million,466616
04/02/98,04-18,The One with Rachel's New Dress,Gail Mancuso,"Story by : Andrew Reich & Ted Cohen
Teleplay by : Jill Condon & Amy Toomin",22,Rachel has an awkward encounter with Joshua's parents. Phoebe is offered the chance to name one of the triplets. Ross becomes paranoid when Emily goes to London with Susan.,14.9/24,21.7 million,466620
04/09/98,04-19,The One with All the Haste,Kevin S. Bright,Scott Silveri & Wil Calhoun,22,Ross proposes to Emily. Monica and Rachel try to win their apartment back from Chandler and Joey.,15.4/27,21.8 million,466618
04/16/98,04-20,The One with All the Wedding Dresses,Gail Mancuso,"Story by : Adam Chase
Teleplay by : Gregory S. Malins & Michael Curtis",22,"Monica tries on Emily's wedding dress, and can't stop wearing it. Jealous of Ross's proposal to Emily, Rachel tries to talk Joshua into marriage. Chandler takes Joey to a sleep clinic when he starts snoring.",15.3/26,21.9 million,466621
04/23/98,04-21,The One with the Invitation,Peter Bonerz,Seth Kurland,22,"As Ross and Emily send out wedding invitations, he and Rachel each look back on their relationship together while Joey and Chandler look for a purpose in life.",15.3/27,21.5 million,466619
04/30/98,04-22,The One with the Worst Best Man Ever,Peter Bonerz,"Story by : Seth Kurland
Teleplay by : Gregory S. Malins & Michael Curtis",22,"at first Ross chooses Joey to be his best man but after a mishap at his bachelor party, he decides he wants both Joey and Chandler as his best men. Phoebe's mood swings makes Monica and Rachel nervous.",16.0/27,23.2 million,466622
05/07/98,"04-23
04-24",The One with Ross's Wedding,Kevin S. Bright,"Michael BorkowStory by : Jill Condon & Amy Toomin
Teleplay by : Shana Goldberg-Meehan & Scott Silveri",60,"Phoebe tries to help Rachel deal with her feelings for Ross as the rest of the gang head to London for Ross and Emily's wedding, while someone else unexpectedly shows up to the wedding. Phoebe tries to warn the gang that Rachel is coming to London to tell Ross she still loves him. Ross and Emily's parents get into an argument over the bill for the wedding. Monica and Chandler sleep together. The wedding ends with a gaffe.",21.2/35,31.6 million,466623466624
09/24/98,05-01,The One After Ross Says Rachel,Kevin S. Bright,Seth Kurland,22,"A humiliated Emily runs away after Ross says Rachel's name at the altar. Meanwhile, Chandler and Monica struggle to get time alone together.",20.0/33,31.1 million,467651
10/01/98,05-02,The One with All the Kissing,Gary Halvorson,Wil Calhoun,22,Chandler must constantly kiss the girls to cover up a kiss he gave to Monica to hide their affair. Phoebe gets irritated when the gang constantly talk about London. Rachel puts Monica in charge of her love life. Ross tries to contact Emily.,17.4/29,25.4 million,467652
10/08/98,05-03,The One Hundredth,Kevin S. Bright,David Crane & Marta Kauffman,22,"The gang take Phoebe to the hospital after she goes into labor. Monica threatens to go on a date with a male nurse after Chandler claims they are ""just goofing around."" Joey gets treated for kidney stones.",17.7/29,26.8 million,467653
10/15/98,05-04,The One Where Phoebe Hates PBS,Shelley Jensen,Michael Curtis,22,Ross finally gets in touch with Emily and they try to work it out. Chandler gloats after Rachel reveals that Monica's secret boyfriend is the best sex she ever had. Phoebe and Joey debate if a selfless good deed exists.,15.7/27,24.1 million,467654
10/29/98,05-05,The One with the Kips,Dana DeVally Piazza,Scott Silveri,22,Chandler and Monica go away for the weekend but spend the entire time fighting. Ross tries to tell Rachel about his agreement with Emily.,17.0/27,25.9 million,467655
11/05/98,05-06,The One with the Yeti,Gary Halvorson,Alexa Junge,22,The gang become frustrated with Emily's demands to Ross. Monica and Rachel mistake their new neighbor for a yeti. Phoebe receives a fur coat as a family heirloom from her mother.,16.8/26,25.0 million,467656
11/12/98,05-07,The One Where Ross Moves In,Gary Halvorson,Gigi McCreery & Perry Rein,22,Ross moves in with Chandler and Joey after Emily's cousin kicks him out of his apartment. Phoebe dates a health inspector. Rachel plays hard-to-get with Danny.,16.1/26,24.4 million,467657
11/19/98,05-08,The One with All the Thanksgivings,Kevin S. Bright,Gregory S. Malins,22,The gang remember and share with each other their worst Thanksgivings.,16.3/26,23.9 million,467659
12/10/98,05-09,The One with Ross's Sandwich,Gary Halvorson,Ted Cohen & Andrew Reich,22,Joey finds himself constantly covering for Chandler and Monica's affair. Ross becomes angry when someone at work eats his sandwich. Phoebe and Rachel enroll in a literature class.,15.7/26,23.0 million,467658
12/17/98,05-10,The One with the Inappropriate Sister,Dana DeVally Piazza,Shana Goldberg-Meehan,22,A bored Ross wreaks havoc in Chandler and Joey's lives. Rachel is uncomfortable with Danny's unusually close relationship with his sister. Phoebe runs into trouble whilst collecting donations for the poor during Christmas.,15.8/27,23.7 million,467661
01/07/99,05-11,The One with All the Resolutions,Joe Regalbuto,"Story by : Brian Boyle
Teleplay by : Suzie Villandry",22,The gang make their New Years resolutions. Chandler struggles to not make jokes about everyone. Rachel uncovers a secret. Ross runs into trouble when he wears leather pants on a date.,17.6/27,27.0 million,467660
01/21/99,05-12,The One with Chandler's Work Laugh,Kevin S. Bright,Alicia Sky Varinaitis,22,Monica becomes annoyed at how Chandler sucks up to his boss by mimicking his boss's laugh and laughing at his tasteless jokes. Ross hooks up with Janice when he finds out Emily is getting married.,16.8/26,24.8 million,467663
02/04/99,05-13,The One with Joey's Bag,Gail Mancuso,"Story by : Michael Curtis
Teleplay by : Seth Kurland",22,"Phoebe's grandmother dies, and is shocked when her father turns up at the funeral. Meanwhile, Rachel gives Joey a ""man's bag"" for an audition, and Chandler is scared to tell Monica he doesn't like her massages.",16.9/26,24.9 million,467662
02/11/99,05-14,The One Where Everybody Finds Out,Michael Lembeck,Alexa Junge,22,"When Phoebe finds out about Monica and Chandler, she and Rachel attempt to get them to confess their relationship.",17.8/28,27.7 million,467664
02/18/99,05-15,The One with the Girl Who Hits Joey,Kevin S. Bright,Adam Chase,22,Ross makes enemies out of his new neighbors. Chandler freaks out about his relationship with Monica. Joey dates a girl who likes to playfully punch him but she doesn't realize she punches him too hard and Joey is reluctant to tell her.,19.0/29,29.3 million,467665
02/25/99,05-16,The One with the Cop,Andrew Tsao,"Story by : Alicia Sky Varinaitis
Teleplay by : Gigi McCreery & Perry Rein",22,"Joey has a dream about Monica and becomes convinced he is in love with her. Meanwhile, Phoebe finds a police badge in Central Perk, and Ross tries to get his new sofa into his apartment.",17.6/28,26.0 million,467666
03/18/99,05-17,The One with Rachel's Inadvertent Kiss,Shelley Jensen,Andrew Reich & Ted Cohen,22,Rachel has an awkward encounter when she interviews for a new job. Monica becomes jealous of Phoebe and Gary. Joey searches for a 'hot girl' in Ross's building.,16.6/27,24.5 million,467667
04/08/99,05-18,The One Where Rachel Smokes,Todd Holland,Michael Curtis,22,"Rachel takes up smoking to feel more included at work. Joey auditions for a soup commercial with Ross's son Ben, but they end up competing against each other. Monica and Phoebe plan Rachel's surprise birthday party one month in advance.",14.8/26,21.9 million,467668
04/22/99,05-19,The One Where Ross Can't Flirt,Gail Mancuso,Doty Abrams,22,"As Joey's grandmother visits to watch him on TV, Ross has trouble flirting with the pizza delivery girl, and Rachel tries to find an earring of Monica's that she has misplaced.",14.4/25,20.9 million,467669
04/29/99,05-20,The One with the Ride Along,Gary Halvorson,Shana Goldberg-Meehan & Seth Kurland,22,The guys go on a ride-along with Gary. Rachel accidentally deletes a message from Emily on Ross's answering machine.,13.9/24,19.6 million,467670
05/06/99,05-21,The One with the Ball,Gary Halvorson,"Story by : Scott Silveri
Teleplay by : Gregory S. Malins",22,"Gary asks Phoebe to move in with him but she's reluctant to and to overcome boredom, Ross and Joey start throwing a ball to each other. Rachel buys an expensive cat but it doesn't behave as she hoped it would.",14.3/25,20.9 million,467671
05/13/99,05-22,The One with Joey's Big Break,Gary Halvorson,"Story by : Shana Goldberg-Meehan
Teleplay by : Wil Calhoun",22,"Joey drives to Las Vegas to shoot to shoot a new movie where he is in the lead role. Rachel gets an eye infection but is reluctant to seek treatment because of her eye phobia. Phoebe is mad at Ross, but doesn't know why.",14.8/26,21.3 million,467672
05/20/99,"05-23
05-24",The One in Vegas,Kevin S. Bright,Ted Cohen & Andrew ReichGregory S. Malins & Scott Silveri,44,The gang go to Las Vegas to visit Joey. Chandler is angry when he finds out Monica had lunch with Richard. Ross and Rachel try to embarrass each other after an awkward encounter. Chandler and Monica reconcile and hastily decide to get married. Ross and Rachel get drunk and roam the casino. Phoebe deals with a 'lurker' on the slot machines.,17.0/29,25.9 million,467673467674
09/23/99,06-01,The One After Vegas,Kevin S. Bright,Adam Chase,22,Ross and Rachel deal with the aftermath of their drunken escapade. Phoebe and Joey take a road trip back to New York in Phoebe's grandmother's cab. Monica and Chandler ponder the idea of marriage.,17.8/30,27.7 million,225551
09/30/99,06-02,The One Where Ross Hugs Rachel,Gail Mancuso,Shana Goldberg-Meehan,22,Monica and Chandler try to tell Rachel and Joey that they're moving in together. Phoebe thinks that Ross didn't get the annulment because he still loves Rachel.,15.8/27,22.9 million,225552
10/07/99,06-03,The One with Ross's Denial,Gary Halvorson,Seth Kurland,22,Ross tries to deny he still has feelings for Rachel. Joey interviews for a new roommate. Monica and Chandler argue over what to do with the spare room when they move in together.,14.9/25,21.6 million,225553
10/14/99,06-04,The One Where Joey Loses His Insurance,Gary Halvorson,Andrew Reich & Ted Cohen,22,"Joey's health benefits lapse just as he develops a hernia. Ross is given a professorship at NYU and eager to impress his students, he puts on a fake English accent.",13.8/23,21.1 million,225554
10/21/99,06-05,The One with Joey's Porsche,Gary Halvorson,Perry Rein & Gigi McCreery,22,"Ross and Rachel try to get an annulment, Joey finds the keys to a porsche in Central Perk, and Phoebe, Monica and Chandler babysit the triplets.",15.0/25,22.4 million,225555
11/04/99,06-06,The One on the Last Night,David Schwimmer,Scott Silveri,22,"On the last night before Chandler and Monica move in together, Monica and Rachel argue, and Chandler tries to give Joey money to help him pay the bills.",15.5/24,23.6 million,225556
11/11/99,06-07,The One Where Phoebe Runs,Gary Halvorson,Sherry Bilsing-Graham & Ellen Plummer,22,Rachel is embarrassed by Phoebe's odd running style. Joey gets a new roommate. Chandler tries to impress Monica by cleaning the apartment but forgets how everything is supposed to look.,15.1/24,22.7 million,225557
11/18/99,06-08,The One with Ross's Teeth,Gary Halvorson,"Story by : Andrew Reich & Ted Cohen
Teleplay by : Perry Rein & Gigi McCreery",22,Ross goes too far while trying to impress a date by over-whitening his teeth. Rachel uses gossip to get her boss to like her after Phoebe supposedly makes out with Ralph Lauren.,14.8/24,22.1 million,225558
11/25/99,06-09,The One Where Ross Got High,Kevin S. Bright,Gregory S. Malins,22,Ross is forced to reveal the reason why Jack and Judy don't like Chandler. Rachel tries to make dessert for the gang. Joey and Ross try to get out of Thanksgiving when they are invited to hang out with Janine and her dancer friends.,10.9/21,19.2 million,225559
12/16/99,06-10,The One with the Routine,Kevin S. Bright,Brian Boyle,22,"On the set of ""Dick Clark's New Year's Rockin' Eve"", Joey tries to kiss Janine at midnight and Monica and Ross resurrect their dance routine from high school. Meanwhile, Rachel, Phoebe and Chandler look for Monica's Christmas presents.",15.0/25,22.4 million,225561
01/06/00,06-11,The One with the Apothecary Table,Kevin S. Bright,"Story by : Zachary Rosenblatt
Teleplay by : Brian Boyle",22,"Joey is caught in the middle when Janine tells him she doesn't like Monica and Chandler. Meanwhile, Rachel buys an apothecary table from a store that Phoebe hates.",14.9/23,22.3 million,225560
01/13/00,06-12,The One with the Joke,Gary Halvorson,"Story by : Shana Goldberg-Meehan
Teleplay by : Andrew Reich & Ted Cohen",22,"Chandler and Ross argue over a joke. Meanwhile, Joey reluctantly takes a waiter job at Central Perk, and Monica becomes annoyed when Phoebe says she would choose Rachel over her as a girlfriend.",15.1/23,22.3 million,225562
02/03/00,06-13,The One with Rachel's Sister,Gary Halvorson,"Story by : Seth Kurland
Teleplay by : Sherry Bilsing-Graham & Ellen Plummer",22,"Rachel's younger sister arrives in New York and goes on a date with Ross. Meanwhile, Monica won't admit that she is sick.",15.6/24,24.1 million,225563
02/10/00,06-14,The One Where Chandler Can't Cry,Kevin S. Bright,Andrew Reich & Ted Cohen,22,"Rachel tries to end the spark between Ross and Jill. When Chandler admits that he can't cry, Monica tries to make it happen. The gang discovers that Phoebe's sister, Ursula, is a porn star and is using Phoebe's name.",15.4/24,23.8 million,225564
02/17/00,"06-15
06-16",The One That Could Have Been,Michael Lembeck,Gregory S. Malins & Adam ChaseDavid Crane & Marta Kauffman,60,"When Rachel hears Barry and Mindy are getting divorced, the gang wonder how different their lives could have been. The gang continue to think about how different their lives could have been.",16.7/26,20.7 million,225565225566
02/24/00,06-17,The One with Unagi,Gary Halvorson,"Story by : Zachary Rosenblatt
Teleplay by : Adam Chase",22,Rachel and Phoebe take self-defense classes. Chandler and Monica agree to give each other homemade presents for Valentine's Day. Joey tries to get money through medical research.,14.4/23,22.1 million,225568
03/09/00,06-18,The One Where Ross Dates a Student,Gary Halvorson,Seth Kurland,22,Ross jeopardizes his career when he starts dating a student from one of his palaeontology classes. Rachel and Phoebe's apartment catches fire.,13.9/22,20.5 million,225567
03/23/00,06-19,The One with Joey's Fridge,Ben Weiss,"Story by : Seth Kurland
Teleplay by : Gigi McCreery & Perry Rein",22,Joey tries to get everyone to pay for his broken fridge. Ross becomes paranoid when Elizabeth makes plans for spring break. Monica and Chandler compete against Phoebe to find Rachel a date.,14.3/24,21.5 million,225569
04/13/00,06-20,The One with Mac and C.H.E.E.S.E.,Kevin S. Bright,Doty Abrams,22,Chandler forgets to write down a message for Joey when the time of his audition for the lead in a TV show is changed.,12.8/22,18.8 million,225575
04/27/00,06-21,The One Where Ross Meets Elizabeth's Dad,Michael Lembeck,"Story by : David J. Lagana
Teleplay by : Scott Silveri",22,"Elizabeth's father takes an instant disliking to Ross. Joey almost gets fired from ""Mac and C.H.E.E.S.E."" after offending the operator of the robot. Phoebe writes a book based on Monica and Chandler.",14.7/25,20.6 million,225570
05/04/00,06-22,The One Where Paul's the Man,Gary Halvorson,"Story by : Brian Caldirola
Teleplay by : Sherry Bilsing-Graham & Ellen Plummer",22,Paul threatens to have Ross fired from the university if he continues to date Elizabeth. The girls put their names down on a waiting list for a wedding venue.,13.7/24,20.0 million,225571
05/11/00,06-23,The One with the Ring,Gary Halvorson,Ted Cohen & Andrew Reich,22,Chandler and Phoebe go looking for an engagement ring for Monica. Rachel tries to get Paul to open up to her.,14.4/25,20.9 million,225572
05/18/00,"06-24
06-25",The One with the Proposal,Kevin S. Bright,Shana Goldberg-Meehan & Scott SilveriAndrew Reich & Ted Cohen,60,"Chandler's plan to propose to Monica at dinner is interrupted by Richard. Joey accidentally buys a boat at a silent auction. Ross and Elizabeth's relationship comes to a crossroad. Chandler continues to pretend to hate the idea of marriage, unaware Richard wants Monica back. Meanwhile, Rachel and Phoebe discuss their 'back-up' plans.",20.0/32,30.7 million,225573225574
10/12/00,07-01,The One with Monica's Thunder,Kevin S. Bright,"Story by : Wil Calhoun
Teleplay by : David Crane & Marta Kauffman",22,"The gang celebrate Monica and Chandler's engagement, however Ross and Rachel upstage them by briefly reuniting. Joey tries to dress and act like a nineteen-year-old for an audition.",16.6/27,25.54 million,226401
10/12/00,07-02,The One with Rachel's Book,Michael Lembeck,Andrew Reich & Ted Cohen,22,"Monica learns her parents have spent her entire wedding fund. Phoebe temporarily moves into Ross's apartment, bringing her massage clients with her. Joey mocks Rachel when he finds an erotic novel she is reading.",18.0/28,27.93 million,226402
10/19/00,07-03,The One with Phoebe's Cookies,Gary Halvorson,Sherry Bilsing & Ellen Plummer,22,"Monica tries to figure out Phoebe's grandmother's secret cookie recipe. Meanwhile, Rachel tries to teach Joey how to sail, and Chandler has an awkward encounter when he tries to bond with Jack.",15.2/25,22.70 million,226405
10/26/00,07-04,The One with Rachel's Assistant,David Schwimmer,Brian Boyle,22,"Chaos ensues when Monica and Chandler decide to share each other's secrets. Rachel gets a promotion and interviews for an assistant. Joey is offered the chance to go back on ""Days of Our Lives"".",14.7/24,22.66 million,226403
11/02/00,07-05,The One with the Engagement Picture,Gary Halvorson,"Story by : Earl Davis
Teleplay by : Patty Lin",22,"Chandler struggles to photograph well for his and Monica's engagement picture. Joey teaches Tag how to pick up women, much to Rachel's annoyance. Phoebe and Ross date a couple who are divorcing.",15.2/24,24.43 million,226404
11/09/00,07-06,The One with the Nap Partners,Gary Halvorson,Brian Buckner & Sebastian Jones,22,"Joey and Ross accidentally take a nap together - and much to their dismay, find that they like it. Phoebe and Rachel compete to become Monica's maid of honor.",14.5/22,22.01 million,226406
11/16/00,07-07,The One with Ross's Library Book,David Schwimmer,Scott Silveri,22,"Ross and Chandler discovers that Ross's book is in the section of the library where students go to have sex. Monica and Chandler run into Janice and she immediately invites herself to the wedding. They try to avoid her. Meanwhile, Rachel and Phoebe befriend Joey's girlfriend.",15.7/25,23.73 million,226410
11/23/00,07-08,The One Where Chandler Doesn't Like Dogs,Kevin S. Bright,Patty Lin,22,"Ross struggles to name all 50 states in a game. Joey compromises Rachel's chances with her crush, Tag, during Thanksgiving dinner. Phoebe sneaks a dog into the apartment, making Chandler extremely nervous.",9.6/19,16.57 million,226407
12/07/00,07-09,The One with All the Candy,David Schwimmer,Wil Calhoun,22,"Monica makes candy to get to know her neighbours, Rachel and Tag try to hide their relationship at work and Ross buys Phoebe a bike.",13.6/22,21.08 million,226408
12/14/00,07-10,The One with the Holiday Armadillo,Gary Halvorson,Gregory S. Malins,22,"Ross wants to introduce Ben to Hanukkah. In order to entice Rachel to move back into their refurbished apartment, Phoebe must drive a wedge between Rachel and current roomie Joey.",15.1/24,23.26 million,226409
01/04/01,07-11,The One with All the Cheesecakes,Gary Halvorson,Shana Goldberg-Meehan,22,Chandler refuses to give back a cheesecake accidentally delivered to his apartment; Phoebe gets angry with Joey when he blows off dinner with her for a date.,15.0/24,24.37 million,226412
01/11/01,07-12,The One Where They're Up All Night,Kevin S. Bright,Zachary Rosenblatt,22,"After the gang head up to the roof to see a passing comet, separate events unfold that lead to them all having a sleepless night.",14.8/23,22.86 million,226413
02/01/01,07-13,The One Where Rosita Dies,Stephen Prime,"Story by : Ellen Plummer & Sherry Bilsing
Teleplay by : Brian Buckner & Sebastian Jones",22,Rachel breaks Joey's armchair. Phoebe takes a temp job in a call centre. Ross and Monica find out their parents are selling their childhood home.,14.2/22,22.24 million,226415
02/08/01,07-14,The One Where They All Turn Thirty,Ben Weiss,"Story by : Vanessa McCarthy
Teleplay by : Ellen Plummer & Sherry Bilsing",22,Rachel's 30th birthday prompts the rest of the gang to reminisce about their own 30th celebrations.,13.9/21,22.40 million,226411
02/15/01,07-15,The One with Joey's New Brain,Kevin S. Bright,"Story by : Sherry Bilsing & Ellen Plummer
Teleplay by : Andrew Reich & Ted Cohen",22,"Joey gets an opportunity to rejoin ""Days of Our Lives"" when his comatose character is implanted with the brain of a female character. Joey approaches her to get some advice on how to play her character, but she's unaware that she's being written out of the show and freaks out at Joey. Later, she tries to give him some pointers, and they end up spending the night together. Ross tells Chandler and Monica that he has a surprise for their wedding, which turns out to be him playing the bagpipes - terribly, as it turns out. Rachel and Phoebe have their eye on a guy at the coffee house and when he leaves his cellphone, they see it as an opportunity to hook up with him; the only problem is who will it be?",14.0/22,21.75 million,226416
02/15/01,Special,Friends: The Stuff You've Never Seen,,,,,14.4/21,22.50 million,
02/22/01,07-16,The One with the Truth About London,David Schwimmer,"Story by : Brian Buckner & Sebastian Jones
Teleplay by : Zachary Rosenblatt",22,"Chandler is shocked to find out who Monica really wanted to sleep with the night they first got together. Meanwhile, Rachel gets into trouble with Ross when she teaches Ben practical jokes.",13.7/21,21.22 million,226417
03/15/01,07-17,The One with the Cheap Wedding Dress,Kevin S. Bright,"Story by : Brian Buckner & Sebastian Jones
Teleplay by : Andrew Reich & Ted Cohen",22,"Monica takes the other girls to an overpriced store to choose her wedding dress, briefing them as if they were in the military since bargain-hunters are far more ruthless then Rachel can usually handle. The worst shopper is Megan: she grabs the dress Monica wants, then blackmails her over booking the swing band that's the only thing Chandler really wants for the wedding. Meanwhile, Ross and Joey independently meet and date Kristen while helping her move in. The rivals agree to let her choose after one date with each, but they get so carried away cheating on the deal that she runs off altogether.",13.9/23,20.84 million,226414
03/29/01,07-18,The One with Joey's Award,Gary Halvorson,"Story by : Sherry Bilsing & Ellen Plummer
Teleplay by : Brian Boyle",22,Joey is nominated for a Soapy Award for his part on Days of Our Lives and Rachel is his date to the ceremony. Joey doesn't win the award but takes someone else's award home. Rachel convinces him to take it back because he can't be happy with an award he didn't win. One of Ross' students failed the midterms because he is in love with Ross and can't concentrate in class so Ross changes his grade. But now more students come to Ross pretending to be in love with him in order to get a better grade. When Rachel and Joey take the Soapy back the real winner just throws it away saying it's not good enough for her so Joey takes it back home. Monica really loves Chandler but it scares her that she will never have the rush of the beginning of meeting someone new again. Chandler reassures her and she realizes she is going to have a lot of new things with Chandler as well.,12.1/19,17.81 million,226418
04/19/01,07-19,The One with Ross and Monica's Cousin,Gary Halvorson,Andrew Reich & Ted Cohen,22,Joey auditions for a naked role in a big movie; Rachel and Phoebe plan Monica's wedding shower; Ross becomes attracted to his cousin after she visits.,11.4/19,16.55 million,226421
04/26/01,07-20,The One with Rachel's Big Kiss,Gary Halvorson,Scott Silveri & Shana Goldberg-Meehan,22,Rachel's college friend can't remember a scandalous kiss from the past; Chandler and Ross argue for possession of Val Kilmer's tuxedo.,10.9/19,16.30 million,226419
05/03/01,07-21,The One with the Vows,Gary Halvorson,Doty Abrams,22,"Monica and Chandler are getting married in four weeks and have to write their vows, but neither has a clue what to say, so they reflect on their past.",10.1/17,15.65 million,226424
05/10/01,07-22,The One with Chandler's Dad,Kevin S. Bright & Gary Halvorson,"Story by : Gregory S. Malins
Teleplay by : Brian Buckner & Sebastian Jones",22,Ross and Rachel hit the freeway together when Monica's Porsche shows up again; Chandler and Monica go off to Vegas to find Chandler's estranged dad.,11.4/21,17.23 million,226420
05/17/01,"07-23
07-24",The One with Monica and Chandler's Wedding,Kevin S. Bright,Gregory S. MalinsMarta Kauffman & David Crane,44,"So close to the wedding, Chandler suddenly realizes the overwhelming meaning of getting married. Meanwhile, Joey acts opposite a famous actor in a movie, but can't bring himself to tell him that he spits when he says his lines. Ross tries to find Chandler with Phoebe's help. Meanwhile Rachel tries to hinder Monica.",18.7/31,30.05 million,226422226423
09/27/01,08-01,"The One After ""I Do""",Kevin S. Bright,David Crane & Marta Kauffman,22,The gang learns that Rachel is pregnant; Joey tries to impress a Broadway director who's dating Chandler's mom; Chandler's shoes make it hard for him to dance.,19.5/31,31.70 million,227401
10/04/01,08-02,The One with the Red Sweater,David Schwimmer,Dana Klein Borkow,22,"Monica, Phoebe and Joey advise Rachel to tell the father about the pregnancy. Chandler and Ross lose the wedding photos.",18.9/31,30.04 million,227402
10/11/01,08-03,The One Where Rachel Tells...,Sheldon Epps,Sherry Bilsing & Ellen Plummer,22,"Even on their honeymoon, Monica is pushy, and is annoyed that Chandler won't jump the line at the airport check-in - especially after the couple in front of them, also on their honeymoon, get bumped up to first class. They try to sneak into the first-class lounge, but are caught - but she at least manages to steal an orange. Joey and Phoebe find that Monica and Chandler have tricked them out of the keys to the master apartment; Joey hopes a false gas leak alert will make super Treeger use his key, but he makes a fireman use an axe, and the wrecked door calls for a big lie. Rachel is finally ready to tell who the father is - the others say they already know, except daddy Ross, who thinks she just wants another passionate night with him. After blaming everything on the condom manufacturer - as neither he nor Joey ever read the notice they are only 97% effective - Ross promises Rachel full support, and of course proposes - which she turns down, as they aren't in love. She refuses to admit she won't cope on her own, although she can't even see their baby on the first ultrasound.",17.9/26,29.20 million,227403
10/18/01,08-04,The One with the Videotape,Kevin S. Bright,Scott Silveri,22,"Ross and Rachel tell everyone about the night they were together. They have two different stories of how it happened until Ross accidentally reveals that he videotaped it. Not surprisingly, everyone wants to see it.",16.0/25,25.58 million,227406
10/25/01,08-05,The One with Rachel's Date,Gary Halvorson,Brian Buckner & Sebastian Jones,22,"Phoebe dates Monica's sous-chef Tim and Monica doesn't fire him for Phoebe's sake. When Phoebe decides to dump Tim, Monica can finally fire him. Rachel has a date with Kash, a co-star on Days of Our Lives. Ross thinks it's weird because whoever takes Rachel out, takes his baby out too. He always pictured that his next child would grow up in a happy family. Rachel's date was terrible because she made the mistake of mentioning she was pregnant. Ross reassures her it isn't so bad because when she has the baby she will love someone more than she ever loved anyone.",16.1/25,25.64 million,227404
11/01/01,08-06,The One with the Halloween Party,Gary Halvorson,Mark Kunerth,22,"Monica and Chandler decide to throw a Halloween party; Phoebe runs into Ursula and her fianc√©e, who knows nothing about the ""real"" Ursula.",16.8/25,26.96 million,227405
11/08/01,08-07,The One with the Stain,Kevin S. Bright,R. Lee Fleming Jr.,22,"Chandler hires a maid, whom Monica suspects is stealing her clothing; Eric has trouble forgetting Ursula when he breaks up with her to date Phoebe.",15.2/23,24.24 million,227407
11/15/01,08-08,The One with the Stripper,David Schwimmer,Andrew Reich & Ted Cohen,22,"Chandler finds out that Monica had a bachelorette party with a stripper, even though they promised not to have bachelor/bachelorette parties. Rachel takes Phoebe along to dinner with Rachel's dad, because she is afraid her dad will be really angry when she tells him she's pregnant. Mr. Green is delighted to hear he will be a grandfather, but freaks out when he finds out that Rachel isn't getting married - so she just tells him that Ross won't marry her. Monica feels bad about having had a bachelorette party, so she organizes a bachelor party including a stripper for Chandler. Joey is the only ""guest"", because Ross has a date with Mona that night, and Chandler is embarrassed and doesn't really want to have the party at all. The stripper arrives, but turns out to be a hooker. Mr. Green goes to see Ross to yell at him - but unfortunately for Ross, Mona is there, too, so they both start yelling at him. Rachel explains everything to her dad and to Mona, who makes up with Ross.",16.1/25,26.54 million,227408
11/22/01,08-09,The One with the Rumor,Gary Halvorson,Shana Goldberg-Meehan,22,"Monica invites Will, an old school friend of her and Ross over for Thanksgiving dinner, unaware he isn't too fond of Rachel.",12.7/25,24.24 million,227410
12/06/01,08-10,The One with Monica's Boots,Kevin S. Bright,"Story by : Robert Carlock
Teleplay by : Brian Buckner & Sebastian Jones",22,"Monica's expensive new boots hurt her feet, but she's determined to prove to Chandler that her purchase was worth it; Ben goes to school with Sting's son.",14.0/23,22.44 million,227409
12/13/01,08-11,The One with Ross's Step Forward,Gary Halvorson,Robert Carlock,22,"Joey wants to take Rachel to dinner on a pretend date to practice his dating skills, but soon develops romantic feelings for her; Monica, Phoebe, and Chandler are addicted to Mrs. Pacman.",14.9/25,23.85 million,227411
01/10/02,08-12,The One Where Joey Dates Rachel,David Schwimmer,Sherry Bilsing-Graham & Ellen Plummer,22,"Joey wants to take Rachel to dinner on a pretend date to practice his dating skills, but soon develops romantic feelings for her; gang addicted to Mrs. Pacman.",16.1/24,25.53 million,227412
01/17/02,08-13,The One Where Chandler Takes a Bath,Ben Weiss,Vanessa McCarthy,22,Monica turns Chandler on to the concept of taking a bath to relax; Ross and Rachel toss baby names around while deciding whether to learn the baby's sex.,17.5/27,29.24 million,227413
01/31/02,08-14,The One with the Secret Closet,Kevin S. Bright,Brian Buckner & Sebastian Jones,22,"Chandler's very curious about a locked closet, but Monica won't tell him what is inside.",17.8/28,28.64 million,227414
02/07/02,08-15,The One with the Birthing Video,Kevin S. Bright,Dana Klein Borkow,22,"During Valentine's Day, Chandler discovers the miracle of birth seeing an extremely graphic video.",17.8/28,28.64 million,227415
02/28/02,08-16,The One Where Joey Tells Rachel,Ben Weiss,Andrew Reich & Ted Cohen,22,"Ross freaks out when Joey tells him that he is in love with Rachel because Ross is afraid that they will get married and raise his kid together. Phoebe dates a guy called Don, who she thinks is Monica's soul-mate and introduces Don to Monica to see what will happen. Monica and Don get along perfectly. Ross goes to tell Joey that he doesn't hate him and Joey promises to never act on his feelings for Rachel because he won't jeopardize his friendship to Ross. But when Ross realizes that Joey really is in love for the first time he tells Joey to tell Rachel. When Joey tells Rachel it is clear that she doesn't feel the same way about Joey and they both start crying.",17.4/27,27.52 million,227416
03/07/02,08-17,The One with the Tea Leaves,Gary Halvorson,"Story by : R. Lee Fleming Jr.
Teleplay by : Steven Rosenhaus",22,"Chandler and Monica are happy together - their worst problem is his habit to put CDs in the wrong box and their different taste in music. Rachel is desperate to get back on good terms with Joey, so she takes Monica's advice to change the subject to something work-related. However in another uncomfortable conversation she manages to convince Joey that her boss, Mr. Zelner, wants to buy her baby. When Phoebe resumes reading tea leaves, she sees that she'll meet the man of her dreams soon, and takes that to be Jim, who she keeps bumping into. However she soon finds he isn't quite that nice, and may be too crazy even for her! Ross is determined to get his favorite pink ('light salmon shade') shirt back from Mona's, so he sneaks in with the key, and dives behind the couch when she enters with a studly new lover...",16.3/25,26.30 million,227417
03/28/02,08-18,The One in Massapequa,Gary Halvorson,"Story by : Peter Tibbals
Teleplay by : Mark Kunerth",22,Everyone prepares for the Gellers' 35th wedding anniversary in Long Island; Monica struggles to prepare the perfect toast; Phoebe invites her new boyfriend Parker.,13.7/23,22.05 million,227418
04/04/02,08-19,The One with Joey's Interview,Gary Halvorson,Doty Abrams,22,"Joey prepares for his epic interview with Soap Opera Digest, reminiscing about his past acting experiences, his friends and his romantic life.",14.7/24,22.59 million,227424
04/25/02,08-20,The One with the Baby Shower,Kevin S. Bright,Sherry Bilsing-Graham & Ellen Plummer,22,"Monica and Phoebe throw Rachel a baby shower but forget to invite Rachel's mom. Rachel realizes she has no idea how to look after the baby after the birth. Meanwhile, Joey auditions for a job as a host for a new game show called ""Bamboozled"", and Chandler and Ross help him practice.",14.4/23,22.24 million,227421
05/02/02,08-21,The One with the Cooking Class,Gary Halvorson,"Story by : Dana Klein Borkow
Teleplay by : Brian Buckner & Sebastian Jones",22,"Monica's restaurant get a bad review. After confronting the critic who wrote it, she decides to join a cooking class, with Joey in tow. Rachel gets jealous when Ross hits it off with a woman at the baby department store.",15.4/25,23.97 million,227419
05/09/02,08-22,The One Where Rachel Is Late,Gary Halvorson,Shana Goldberg-Meehan,22,Monica and Phoebe bet on when Rachel's baby will be born as the due date comes and goes as Rachel becomes extremely irritable; Chandler falls asleep at Joey's big movie premiere.,15.4/26,24.32 million,227420
05/16/02,"08-23
08-24",The One Where Rachel Has a Baby,Kevin S. Bright,Scott SilveriMarta Kauffman & David Crane,44,"Ross and Rachel go to the hospital to have their baby, but it's a long labor. They get stuck in a semi-private room, and many other couples come and go before Rachel is ready to deliver - the last couple being Janice and her new husband. Chandler and Monica decide to start trying to have a baby.",21.1/34,34.91 million,227422227423
09/26/02,09-01,The One Where No One Proposes,Kevin S. Bright,Sherry Bilsing-Graham & Ellen Plummer,22,Rachel thinks that Joey has proposed to her. Monica and Chandler begin trying to have a baby.,20.3/31,34.01 million,175251
10/03/02,09-02,The One Where Emma Cries,Sheldon Epps,Dana Klein Borkow,22,"Chandler, having trouble getting enough sleep at home, falls asleep in a meeting and accidentally agrees to run his company's Tulsa office.",17.6/28,28.93 million,175252
10/10/02,09-03,The One with the Pediatrician,Roger Christiansen,Brian Buckner & Sebastian Jones,22,"Joey arranges a blind date for Phoebe. Chandler is leaving for Tulsa without Monica, because she has got a great job offer.",16.6/26,26.63 million,175254
10/17/02,09-04,The One with the Sharks,Ben Weiss,Andrew Reich & Ted Cohen,22,Monica thinks Chandler is aroused by shark documentaries.,16.1/25,25.82 million,175253
10/31/02,09-05,The One with Phoebe's Birthday Dinner,David Schwimmer,Scott Silveri,22,"Phoebe will celebrate her birthday by having a dinner with her friends at a fancy restaurant. But everybody is late to the dinner, due to a series of problems.",15.6/25,24.46 million,175255
11/07/02,09-06,The One with the Male Nanny,Kevin S. Bright,David Crane & Marta Kauffman,22,"Looking for a new nanny, Ross and Rachel hire a male nanny named Sandy. Monica tells Chandler that a guy at work is the funniest guy she has ever met.",17.0/26,27.51 million,175256
11/14/02,09-07,The One with Ross's Inappropriate Song,Gary Halvorson,Robert Carlock,22,"Ross finds a way to make Emma laugh - singing ""Baby Got Back."" Meanwhile, Phoebe meets Mike's parents, and Joey and Chandler find a video tape in Richard's apartment.",15.8/25,25.35 million,175257
11/21/02,09-08,The One with Rachel's Other Sister,Kevin S. Bright,Shana Goldberg-Meehan,22,Rachel's middle sister shows up at Thanksgiving and causes arguments amongst the gang.,17.0/26,26.76 million,175258
12/05/02,09-09,The One with Rachel's Phone Number,Ben Weiss,Mark Kunerth,22,"Rachel is ready to start hanging out again. She and Phoebe go to a bar, where they meet two guys.",15.8/24,25.43 million,175259
12/12/02,09-10,The One with Christmas in Tulsa,Kevin S. Bright,Doty Abrams,22,"Chandler must spend Christmas in Tulsa, which Monica thinks he might have an affair with a former Miss Oklahoma runner-up while he is there. Chandler comes home early to announce that he quit his job.",14.5/23,22.29 million,175260
01/09/03,09-11,The One Where Rachel Goes Back to Work,Gary Halvorson,"Story by : Judd Rubin
Teleplay by : Peter Tibbals",22,"Chandler starts looking for a job and is anxious about having a baby, Rachel decides to go back to work, and Phoebe works as an extra on Joey's show.",15.2/24,23.67 million,175261
01/16/03,09-12,The One with Phoebe's Rats,Ben Weiss,"Story by : Dana Klein Borkow
Teleplay by : Brian Buckner & Sebastian Jones",24,Ross makes Joey stay away from their new nanny. Mike accidentally kills Phoebe's rat. Gavin gives Rachel a scarf and a kiss for her birthday.,15.1/23,23.66 million,175262
01/30/03,09-13,The One Where Monica Sings,Gary Halvorson,"Story by : Sherry Bilsing-Graham & Ellen Plummer
Teleplay by : Steven Rosenhaus",22,A night at Mike's piano bar gives Monica a very showy moment in the spotlight; Chandler employs his secret skill to repair Joey's botched eyebrow-waxing job.,16.3/25,25.82 million,175263
02/06/03,09-14,The One with the Blind Date,Gary Halvorson,Sherry Bilsing-Graham & Ellen Plummer,24,Phoebe and Joey purposely set Ross and Rachel up on bad dates in the hopes they'll get back together. Monica and Chandler babysit Emma.,14.7/22,23.37 million,175265
02/13/03,09-15,The One with the Mugging,Gary Halvorson,Peter Tibbals,24,"Joey gets a part in a stage-play in a painful way. Ross and Phoebe are mugged outside Central Perk, Phoebe realizes that she mugged Ross 18 years ago. Chandler starts his new career as advertising writer.",13.5/21,20.85 million,175264
02/20/03,09-16,The One with the Boob Job,Gary Halvorson,Mark Kunerth,27,"When Monica and Chandler both ask Joey for money not wanting the other to know why they are asking for it, Chandler sees that Joey gave money to Monica. Joey makes up that Monica is getting a boob job. Phoebe asks Mike to move in with her, but decides not to when she and Mike argue about their future. Rachel attempts to baby-proof the apartment, but makes Joey go insane when he can't open anything.",12.8/19,19.52 million,175266
03/13/03,09-17,The One with the Memorial Service,Gary Halvorson,"Story by : Robert Carlock
Teleplay by : Brian Buckner & Sebastian Jones",26,"When Chandler and Ross joke around on their college website, Ross is accused of being dead which leads to the fact that he was not popular in college. Joey is not willing to give his favorite stuffed animal, Hugsy, to Emma. Monica helps Phoebe not call Mike.",13.5/21,21.00 million,175267
04/03/03,09-18,The One with the Lottery,Gary Halvorson,"Story by : Brian Buckner & Sebastian Jones
Teleplay by : Sherry Bilsing-Graham & Ellen Plummer",23,"Hoping to win a huge jackpot, the friends pool their money and buy dozens of lottery tickets. However, they bicker over how to spend the fortune if they win, and Monica irritates everyone else by buying tickets just for her and Chandler.",13.0/21,20.79 million,175268
04/17/03,09-19,The One with Rachel's Dream,Terry Hughes,"Story by : Dana Klein Borkow
Teleplay by : Mark Kunerth",22,"Joey is insecure now his Days of Our Lives character Dr. Drake Ramore is getting real dialog, so he asks Rachel to come along to the set, which she loves enough to get romantic dreams, but about Drake, Joey or both? Monica's fancy restaurant Javu is doing great, so she's flat out, too badly to accept joining Chandler on a surprise trip he booked to Vermont. When Phoebe comes sing her gross songs outside Javu, Monica tries to tell her nicely it's inappropriate, lacking style, but Phoebe just gets fancier dress; once told the truth, she starts a nasty row... Meanwhile Chandler couldn't get a refund, so he takes Ross along, who gets high on maple candy and shows Chandler how to take revenge when they are told no reservation was booked and must take a $600 suite, technically without stealing, by stocking up on absurdly greedy quantities of everything hotels supply guests, worse then even Monica ever did...",12.0/21,18.25 million,175269
04/24/03,09-20,The One with the Soap Opera Party,Sheldon Epps,"Story by : Shana Goldberg-Meehan
Teleplay by : Andrew Reich & Ted Cohen",22,Joey throws a cast party on the roof of his building where he ends up making out with an attractive professor that Ross had a crush on.,13.7/23,20.71 million,175270
05/01/03,09-21,The One with the Fertility Test,Gary Halvorson,"Story by : Scott Silveri
Teleplay by : Robert Carlock",22,"Still unable to conceive, Monica and Chandler decide to get tests done at a fertility clinic, where they run into Chandler's favorite ex, Janice. Rachel receives a gift certificate for a free massage at a chain massage center. Phoebe chastises Rachel for even thinking about going to a massage chain, which she feels takes away business from independent massage therapists like herself; however, Phoebe actually works at this specific massage chain. Rachel says she won't go and even tears up the gift certificate, but she later tapes it back together, goes for her free massage, and gets Phoebe as her masseuse. Joey and Charlie's relationship progresses, Joey confides in Ross that Charlie might be too smart for him. As Charlie wants to go to the ""Met"" (not to see ""The Mets"" as Joey originally assumes), Ross coaches Joey on the museum's layout and certain paintings on a planned route through the museum.",12.8/21,19.03 million,175271
05/08/03,09-22,The One with the Donor,Ben Weiss,Andrew Reich & Ted Cohen,22,"When Joey hears that his girlfriend Charlie is an insecure shopper, he volunteers expert Rachel, who dreads being alone with her, so she makes sure Phoebe comes along, by saying she needs a dazzling outfit for the party she's going to just to save face as her ex Mike is coming too. Gynecologist Dr. Connelly tells Chandler and Monica they should keep trying the natural way, but realistically consider a surrogate mother -a nightmare for Monica- or donor sperm insemination, so Chandler invites his 'perfectly eligible' colleague Zach for dinner; they scare him with endless health and genealogy questions, yet Monica has another objection... Ross hopes to be the key note speaker at a paleontology convention on Barbados thanks to his spectacular theory, but it makes professor Sherman, who can get it for him, literally fall asleep. After embarrassing misunderstandings in the shop, Phoebe bumps into David, who is back from Minsk, for good...",12.8/21,19.55 million,175272
05/15/03,"09-23
09-24",The One in Barbados,Kevin S. Bright,Shana Goldberg-Meehan & Scott SilveriMarta Kauffman & David Crane,44,"Chandler gives advice to David, but that makes David want to propose to Phoebe. Although Phoebe is still in love with Mike. Monica calls Mike who shows up there right in the middle of David's proposal. Mike proposes instead. Phoebe gets back together with Mike, but doesn't accept his proposal. Monica's hair gets all poofy after getting off the plane. Charlie and Ross enjoy themselves when rewriting Ross's speech. Rachel keeps changing her mind on when to tell Joey that she has feelings for him. To the other friends' fury, it keeps raining except during Ross's speech, which to their amazement is a big hit with the paleontologists. Joey's scientific ignorance decides Charlie to turn her favor to Ross, then they must flee the other academics who intend by tradition to throw the key note-speaker into the pool. Chandler and Phoebe knew better, but Mike accepts to play table tennis against ever-obsessive fluffy monster Monica; when she gets injured, Chandler jumps in and crushes Mike. Rachel can't hide her feelings for Joey anymore, so when he sees Ross and Charlie kiss...",16.0/26,25.46 million,175273175274
09/25/03,10-01,The One After Joey & Rachel Kiss,Kevin S. Bright,Andrew Reich & Ted Cohen,22,Joey and Ross both attempt to come clean to each other that they're dating Rachel and Charlie. Phoebe finds out Mike has another girlfriend.,15.6/25,24.54 million,176251
10/02/03,10-02,The One Where Ross Is Fine,Ben Weiss,Sherry Bilsing-Graham & Ellen Plummer,22,Rachel and Joey fear for Ross's state of mind after he finds out about their relationship. Chandler and Monica visit some friends of Phoebe to get advice on adoption. Frank and the triplets come to visit.,15.1/24,22.38 million,176252
10/09/03,10-03,The One with Ross's Tan,Gary Halvorson,Brian Buckner,22,Ross goes to a tanning salon but fails to follow the 'simple' instructions. Joey and Rachel struggle to make the transition from friends to lovers. Monica and Phoebe try to avoid an annoying woman that used to live in their building.,14.0/22,21.87 million,176253
10/23/03,10-04,The One with the Cake,Gary Halvorson,Robert Carlock,22,"On Emma's first birthday, Ross and Rachel convince everyone to delay their plans so they can attend her party, however plans go awry when Emma's birthday cake is revealed.",12.4/20,18.77 million,176254
10/30/03,10-05,The One Where Rachel's Sister Baby-Sits,Roger Christiansen,Dana Klein Borkow,22,Rachel's sister Amy comes to visit and moves in with her and Joey. Phoebe constantly and accidentally ruins Mike's proposals. Joey struggles to write a letter of recommendation for Monica and Chandler's adoption agency.,13.0/21,19.37 million,176255
11/06/03,10-06,The One with Ross's Grant,Ben Weiss,Sebastian Jones,22,Ross applies for a paleontology grant and finds out Charlie's ex-boyfriend reviews the applications. Monica and Rachel fight over who has to take Phoebe's ugly painting.,13.4/21,20.38 million,176256
11/13/03,10-07,The One with the Home Study,Kevin S. Bright,Mark Kunerth,22,Monica and Chandler nervously prepare for a visit from an adoption worker. Phoebe and Mike keep changing their minds about donating their wedding money to charity. Ross fights Rachel's fear of swings.,13.2/21,20.21 million,176257
11/20/03,10-08,The One with the Late Thanksgiving,Gary Halvorson,Shana Goldberg-Meehan,22,"Joey, Ross, Rachel and Phoebe convince Monica and Chandler to host Thanksgiving, however the four of them end up arriving to dinner an hour late.",13.4/21,20.66 million,176259
01/08/04,10-09,The One with the Birth Mother,David Schwimmer,Scott Silveri,22,"Nervous and excited, Monica and Chandler travel to Ohio to meet a young pregnant woman, Erica Simmons, who is considering allowing them to adopt her child when it's born.",15.7/24,25.49 million,176258
01/15/04,10-10,The One Where Chandler Gets Caught,Gary Halvorson,Doty Abrams,22,"Chandler and Monica have decided they want to raise their offspring in a suburban house and even find a perfect one in Westchester. Rachel and Phoebe see Chandler enter a car with his realtor, Nancy, and think he's cheating on Monica. After that misunderstanding is cleared, the other Friends are shocked the couple wants to leave Manhattan, and everybody starts reminiscing about living in New York as a gang, until Nancy calls about their bid on the house.",16.6/26,26.68 million,176268
02/05/04,10-11,The One Where the Stripper Cries,Kevin S. Bright,David Crane & Marta Kauffman,22,Old secrets come to light when Ross and Chandler attend a college reunion. Monica and Rachel throw Phoebe a bachelorette party. Joey appears as a celebrity partner on a game show.,16.0/24,24.91 million,176260
02/12/04,10-12,The One with Phoebe's Wedding,Kevin S. Bright,Robert Carlock & Dana Klein Borkow,22,Chaos ensues as Phoebe and Mike prepare to get married.,16.3/25,25.90 million,176262
02/19/04,10-13,The One Where Joey Speaks French,Gary Halvorson,Sherry Bilsing-Graham & Ellen Plummer,22,Phoebe tries to teach Joey to speak French for an audition; Ross and Rachel head out to Long Island after her dad has a heart attack.,15.2/24,24.27 million,176261
02/26/04,10-14,The One with Princess Consuela,Gary Halvorson,"Story by : Robert Carlock
Teleplay by : Tracy Reilly",22,"When Phoebe goes to get her name changed she realizes she can change it to anything she wants, so she changes it to Princess Consuela Banana Hammock, to Mike's displeasure. Chandler finds out that Monica never changed her last name. Monica and Chandler take Joey to their house to convince him it is a good move and he tries to find anything wrong with the house so they won't buy it. Rachel goes to a job interview at a restaurant but her current boss is sitting right beyond her, costing her her job at Ralph Lauren. When cleaning out her office, she bumps into Mark who takes her for dinner to discuss a job offer for her. And Ross got tenure.",14.6/22,22.83 million,176263
04/22/04,10-15,The One Where Estelle Dies,Gary Halvorson,"Story by : Mark Kunerth
Teleplay by : David Crane & Marta Kauffman",22,"Ross tries to get Rachel to go back to Ralph Lauren, Joey doesn't know that his agent has died, and Monica and Chandler bump into Janice.",14.4/24,22.64 million,176264
04/29/04,10-16,The One with Rachel's Going Away Party,Gary Halvorson,Andrew Reich & Ted Cohen,22,"The gang throws Rachel a goodbye party, during which she says goodbye to everybody individually.",15.5/25,24.51 million,176265
05/06/04,Special,"The One Before the Last One:
Ten Years of Friends",,,,,22.0/35,36.89 million,
05/06/04,"10-17
10-18",The Last One,Kevin S. Bright,Marta Kauffman & David Crane,60,"Erica gives birth to the baby that Monica and Chandler are adopting. However, there's one small added surprise. Meanwhile, Ross and Rachel sleep together one last time. Phoebe races Ross to the airport in a bid to stop Rachel from leaving for Paris. Monica and Chandler pack up their apartment ahead of their move to their new house, and Joey buys Chandler a new chick and duck as a leaving present.",29.8/43,52.46 million,176266176267